Title,Comapny,Location,Link
"AeroVironment, Software Engineering Intern - Application via WayUp",WayUp,"
              San Diego, CA
            ",https://www.linkedin.com/jobs/view/aerovironment-software-engineering-intern-application-via-wayup-at-wayup-3355493048?refId=x7HZCVtjAnHgoQ2AAesBrQ%3D%3D&trackingId=%2FKCp8rj6N0lDS8Bu6UgZeA%3D%3D&position=1&pageNum=0&trk=public_jobs_jserp-result_search-card
Mechanical Engineer Summer Intern,Syska Hennessy Group,"
              San Diego, CA
            ",https://www.linkedin.com/jobs/view/mechanical-engineer-summer-intern-at-syska-hennessy-group-3348480232?refId=x7HZCVtjAnHgoQ2AAesBrQ%3D%3D&trackingId=1zDWuW%2BIkN88flYuwbXXmw%3D%3D&position=2&pageNum=0&trk=public_jobs_jserp-result_search-card
"AeroVironment, Software Engineering Intern - Application via WayUp",WayUp,"
              Wilmington, MA
            ",https://www.linkedin.com/jobs/view/aerovironment-software-engineering-intern-application-via-wayup-at-wayup-3355493784?refId=x7HZCVtjAnHgoQ2AAesBrQ%3D%3D&trackingId=QUks4k1kpcKYzfd%2BJTmDBQ%3D%3D&position=3&pageNum=0&trk=public_jobs_jserp-result_search-card
Software Engineer Intern - Spring & Summer 2023 Internship,Enable Medicine,"
              New York, NY
            ",https://www.linkedin.com/jobs/view/software-engineer-intern-spring-summer-2023-internship-at-enable-medicine-3363538613?refId=x7HZCVtjAnHgoQ2AAesBrQ%3D%3D&trackingId=I7fMHfSA7u3SUmlU3V%2B0KQ%3D%3D&position=4&pageNum=0&trk=public_jobs_jserp-result_search-card
Software Intern IV - Expected Graduation 2024 with Security Clearance,ClearanceJobs,"
              Nashua, NH
            ",https://www.linkedin.com/jobs/view/software-intern-iv-expected-graduation-2024-with-security-clearance-at-clearancejobs-3384727708?refId=x7HZCVtjAnHgoQ2AAesBrQ%3D%3D&trackingId=SM2rVzQzTckj74AlzQ%2FjRw%3D%3D&position=5&pageNum=0&trk=public_jobs_jserp-result_search-card
"Software Engineering: Intern Opportunities for University Students, United States",Microsoft,"
              Cambridge, MA
            ",https://www.linkedin.com/jobs/view/software-engineering-intern-opportunities-for-university-students-united-states-at-microsoft-3305594483?refId=x7HZCVtjAnHgoQ2AAesBrQ%3D%3D&trackingId=f94uzOoeKW6lt9pdtZ7SDg%3D%3D&position=6&pageNum=0&trk=public_jobs_jserp-result_search-card
Software Engineer I (Intern) United States,Cisco,"
              Seattle, WA
            ",https://www.linkedin.com/jobs/view/software-engineer-i-intern-united-states-at-cisco-3394491134?refId=x7HZCVtjAnHgoQ2AAesBrQ%3D%3D&trackingId=tCRzkrDS0LDQzjzBEZd4zg%3D%3D&position=7&pageNum=0&trk=public_jobs_jserp-result_search-card
Career Opportunities: R&D SOFTWARE INTERN (15522),Belden Inc.,"
              Greater Indianapolis
            ",https://www.linkedin.com/jobs/view/career-opportunities-r-d-software-intern-15522-at-belden-inc-3394597857?refId=x7HZCVtjAnHgoQ2AAesBrQ%3D%3D&trackingId=YO5oVq8LBCDfHL3K7MV2qQ%3D%3D&position=8&pageNum=0&trk=public_jobs_jserp-result_search-card
Software Engineer Intern,Entagile,"
              Fairfax County, VA
            ",https://www.linkedin.com/jobs/view/software-engineer-intern-at-entagile-3370964401?refId=x7HZCVtjAnHgoQ2AAesBrQ%3D%3D&trackingId=g%2FzkYoE9qy13XjqHV9q8NQ%3D%3D&position=9&pageNum=0&trk=public_jobs_jserp-result_search-card
Software College Intern,Lockheed Martin,"
              Boulder, CO
            ",https://www.linkedin.com/jobs/view/software-college-intern-at-lockheed-martin-3383010628?refId=x7HZCVtjAnHgoQ2AAesBrQ%3D%3D&trackingId=tPFCLUpRO24myRnBdxNzcw%3D%3D&position=10&pageNum=0&trk=public_jobs_jserp-result_search-card
Mobile Development Internship/Co-op,Zoox,"
              Foster City, CA
            ",https://www.linkedin.com/jobs/view/mobile-development-internship-co-op-at-zoox-3258116767?refId=x7HZCVtjAnHgoQ2AAesBrQ%3D%3D&trackingId=zIYIJ2PJusD6FKqlTLXqXg%3D%3D&position=11&pageNum=0&trk=public_jobs_jserp-result_search-card
Digital Technology (DT) - Security Internship,ServiceNow,"
              Santa Clara, CA
            ",https://www.linkedin.com/jobs/view/digital-technology-dt-security-internship-at-servicenow-3335730693?refId=x7HZCVtjAnHgoQ2AAesBrQ%3D%3D&trackingId=%2F9V8pF7Dvt3X%2BuKfws65zA%3D%3D&position=12&pageNum=0&trk=public_jobs_jserp-result_search-card
Software Intern II - Expected Graduation 2025 with Security Clearance,ClearanceJobs,"
              Manchester, NH
            ",https://www.linkedin.com/jobs/view/software-intern-ii-expected-graduation-2025-with-security-clearance-at-clearancejobs-3384724837?refId=x7HZCVtjAnHgoQ2AAesBrQ%3D%3D&trackingId=IvZvSsA5gRdorcvArpXVqQ%3D%3D&position=13&pageNum=0&trk=public_jobs_jserp-result_search-card
Intern - Software Engineer - Supply Chain - Summer 2023,Lumen Technologies,"
              California, United States
            ",https://www.linkedin.com/jobs/view/intern-software-engineer-supply-chain-summer-2023-at-lumen-technologies-3381381913?refId=x7HZCVtjAnHgoQ2AAesBrQ%3D%3D&trackingId=IEPUWLMTeNfR1dih2FhINw%3D%3D&position=14&pageNum=0&trk=public_jobs_jserp-result_search-card
"Lumen, Intern - Software Support Engineer - Summer 2023 - Application via WayUp",WayUp,"
              United States
            ",https://www.linkedin.com/jobs/view/lumen-intern-software-support-engineer-summer-2023-application-via-wayup-at-wayup-3388546719?refId=x7HZCVtjAnHgoQ2AAesBrQ%3D%3D&trackingId=iW5GEJdeZvCP1MIkr1HnUw%3D%3D&position=15&pageNum=0&trk=public_jobs_jserp-result_search-card
"Veeam Software, Inside Sales Intern - Application via WayUp",WayUp,"
              Alpharetta, GA
            ",https://www.linkedin.com/jobs/view/veeam-software-inside-sales-intern-application-via-wayup-at-wayup-3389712442?refId=x7HZCVtjAnHgoQ2AAesBrQ%3D%3D&trackingId=29EC5mM5Uzi5B8jYXEsWqw%3D%3D&position=16&pageNum=0&trk=public_jobs_jserp-result_search-card
Intern,Lumen Technologies,"
              New Jersey, United States
            ",https://www.linkedin.com/jobs/view/intern-at-lumen-technologies-3381386305?refId=x7HZCVtjAnHgoQ2AAesBrQ%3D%3D&trackingId=GW8lxEVaXO%2FHfNFHIF39Vg%3D%3D&position=17&pageNum=0&trk=public_jobs_jserp-result_search-card
"2023 Software Engineer Intern - Huntsville, AL with Security Clearance",ClearanceJobs,"
              Huntsville, AL
            ",https://www.linkedin.com/jobs/view/2023-software-engineer-intern-huntsville-al-with-security-clearance-at-clearancejobs-3375996640?refId=x7HZCVtjAnHgoQ2AAesBrQ%3D%3D&trackingId=Gm3%2B26UU8EZY9pbr1wEJHQ%3D%3D&position=18&pageNum=0&trk=public_jobs_jserp-result_search-card
Quantum Software Summer Intern with Security Clearance,ClearanceJobs,"
              Malibu, CA
            ",https://www.linkedin.com/jobs/view/quantum-software-summer-intern-with-security-clearance-at-clearancejobs-3386379132?refId=x7HZCVtjAnHgoQ2AAesBrQ%3D%3D&trackingId=UIVUC6xbJOpJC9%2B%2Fzf336A%3D%3D&position=19&pageNum=0&trk=public_jobs_jserp-result_search-card
Software Engineer Intern/Co-Op (Spring 2023),Garmin,"
              Olathe, KS
            ",https://www.linkedin.com/jobs/view/software-engineer-intern-co-op-spring-2023-at-garmin-3376188316?refId=x7HZCVtjAnHgoQ2AAesBrQ%3D%3D&trackingId=aDYC8z3tsKIBdaZf1BOuqw%3D%3D&position=20&pageNum=0&trk=public_jobs_jserp-result_search-card
"Veeam Software, Customer Success Intern - Application via WayUp",WayUp,"
              Alpharetta, GA
            ",https://www.linkedin.com/jobs/view/veeam-software-customer-success-intern-application-via-wayup-at-wayup-3389598893?refId=x7HZCVtjAnHgoQ2AAesBrQ%3D%3D&trackingId=uKfMujOhzP8FTRQSqlesvA%3D%3D&position=21&pageNum=0&trk=public_jobs_jserp-result_search-card
Software Engineer intern,Marvell Technology,"
              Santa Clara, CA
            ",https://www.linkedin.com/jobs/view/software-engineer-intern-at-marvell-technology-3332430694?refId=x7HZCVtjAnHgoQ2AAesBrQ%3D%3D&trackingId=2fhTqMJXleIlLirxtEm%2B2Q%3D%3D&position=22&pageNum=0&trk=public_jobs_jserp-result_search-card
